id,Word
1,ABOUT
2,ABOVE
3,ABUSE
4,ACTOR
5,ACUTE
6,ADMIT
7,ADOPT
8,ADULT
9,AFTER
10,AGAIN
11,AGENT
12,AGREE
13,AHEAD
14,ALARM
15,ALBUM
16,ALERT
17,ALIKE
18,ALIVE
19,ALLOW
20,ALONE
21,ALONG
22,ALTER
23,AMONG
24,ANGER
25,ANGLE
26,ANGRY
27,APART
28,APPLE
29,APPLY
30,ARENA
31,ARGUE
32,ARISE
33,ARRAY
34,ASIDE
35,ASSET
36,AUDIO
37,AUDIT
38,AVOID
39,AWARD
40,AWARE
41,BADLY
42,BAKER
43,BASES
44,BASIC
45,BASIS
46,BEACH
47,BEGAN
48,BEGIN
49,BEGUN
50,BEING
51,BELOW
52,BENCH
53,BILLY
54,BIRTH
55,BLACK
56,BLAME
57,BLIND
58,BLOCK
59,BLOOD
60,BOARD
61,BOOST
62,BOOTH
63,BOUND
64,BRAIN
65,BRAND
66,BREAD
67,BREAK
68,BREED
69,BRIEF
70,BRING
71,BROAD
72,BROKE
73,BROWN
74,BUILD
75,BUILT
76,BUYER
77,CABLE
78,CALIF
79,CARRY
80,CATCH
81,CAUSE
82,CHAIN
83,CHAIR
84,CHART
85,CHASE
86,CHEAP
87,CHECK
88,CHEST
89,CHIEF
90,CHILD
91,CHINA
92,CHOSE
93,CIVIL
94,CLAIM
95,CLASS
96,CLEAN
97,CLEAR
98,CLICK
99,CLOCK
100,CLOSE
101,COACH
102,COAST
103,COULD
104,COUNT
105,COURT
106,COVER
107,CRAFT
108,CRASH
109,CREAM
110,CRIME
111,CROSS
112,CROWD
113,CROWN
114,CURVE
115,CYCLE
116,DAILY
117,DANCE
118,DATED
119,DEALT
120,DEATH
121,DEBUT
122,DELAY
123,DEPTH
124,DOING
125,DOUBT
126,DOZEN
127,DRAFT
128,DRAMA
129,DRAWN
130,DREAM
131,DRESS
132,DRILL
133,DRINK
134,DRIVE
135,DROVE
136,DYING
137,EAGER
138,EARLY
139,EARTH
140,EIGHT
141,ELITE
142,EMPTY
143,ENEMY
144,ENJOY
145,ENTER
146,ENTRY
147,EQUAL
148,ERROR
149,EVENT
150,EVERY
151,EXACT
152,EXIST
153,EXTRA
154,FAITH
155,FALSE
156,FAULT
157,FIBER
158,FIELD
159,FIFTH
160,FIFTY
161,FIGHT
162,FINAL
163,FIRST
164,FIXED
165,FLASH
166,FLEET
167,FLOOR
168,FLUID
169,FOCUS
170,FORCE
171,FORTH
172,FORTY
173,FORUM
174,FOUND
175,FRAME
176,FRANK
177,FRAUD
178,FRESH
179,FRONT
180,FRUIT
181,FULLY
182,FUNNY
183,GIANT
184,GIVEN
185,GLASS
186,GLOBE
187,GOING
188,GRACE
189,GRADE
190,GRAND
191,GRANT
192,GRASS
193,GREAT
194,GREEN
195,GROSS
196,GROUP
197,GROWN
198,GUARD
199,GUESS
200,GUEST
201,GUIDE
202,HAPPY
203,HARRY
204,HEART
205,HEAVY
206,HENCE
207,HENRY
208,HORSE
209,HOTEL
210,HOUSE
211,HUMAN
212,IDEAL
213,IMAGE
214,INDEX
215,INNER
216,INPUT
217,ISSUE
218,JAPAN
219,JIMMY
220,JOINT
221,JONES
222,JUDGE
223,KNOWN
224,LABEL
225,LARGE
226,LASER
227,LATER
228,LAUGH
229,LAYER
230,LEARN
231,LEASE
232,LEAST
233,LEAVE
234,LEGAL
235,LEVEL
236,LEWIS
237,LIGHT
238,LIMIT
239,LINKS
240,LIVES
241,LOCAL
242,LOGIC
243,LOOSE
244,LOWER
245,LUCKY
246,LUNCH
247,LYING
248,MAGIC
249,MAJOR
250,MAKER
251,MARCH
252,MARIA
253,MATCH
254,MAYBE
255,MAYOR
256,MEANT
257,MEDIA
258,METAL
259,MIGHT
260,MINOR
261,MINUS
262,MIXED
263,MODEL
264,MONEY
265,MONTH
266,MORAL
267,MOTOR
268,MOUNT
269,MOUSE
270,MOUTH
271,MOVIE
272,MUSIC
273,NEEDS
274,NEVER
275,NEWLY
276,NIGHT
277,NOISE
278,NORTH
279,NOTED
280,NOVEL
281,NURSE
282,OCCUR
283,OCEAN
284,OFFER
285,OFTEN
286,ORDER
287,OTHER
288,OUGHT
289,PAINT
290,PANEL
291,PAPER
292,PARTY
293,PEACE
294,PETER
295,PHASE
296,PHONE
297,PHOTO
298,PIECE
299,PILOT
300,PITCH
301,PLACE
302,PLAIN
303,PLANE
304,PLANT
305,PLATE
306,POINT
307,POUND
308,POWER
309,PRESS
310,PRICE
311,PRIDE
312,PRIME
313,PRINT
314,PRIOR
315,PRIZE
316,PROOF
317,PROUD
318,PROVE
319,QUEEN
320,QUICK
321,QUIET
322,QUITE
323,RADIO
324,RAISE
325,RANGE
326,RAPID
327,RATIO
328,REACH
329,READY
330,REFER
331,RIGHT
332,RIVAL
333,RIVER
334,ROBIN
335,ROGER
336,ROMAN
337,ROUGH
338,ROUND
339,ROUTE
340,ROYAL
341,RURAL
342,SCALE
343,SCENE
344,SCOPE
345,SCORE
346,SENSE
347,SERVE
348,SEVEN
349,SHALL
350,SHAPE
351,SHARE
352,SHARP
353,SHEET
354,SHELF
355,SHELL
356,SHIFT
357,SHIRT
358,SHOCK
359,SHOOT
360,SHORT
361,SHOWN
362,SIGHT
363,SINCE
364,SIXTH
365,SIXTY
366,SIZED
367,SKILL
368,SLEEP
369,SLIDE
370,SMALL
371,SMART
372,SMILE
373,SMITH
374,SMOKE
375,SOLID
376,SOLVE
377,SORRY
378,SOUND
379,SOUTH
380,SPACE
381,SPARE
382,SPEAK
383,SPEED
384,SPEND
385,SPENT
386,SPLIT
387,SPOKE
388,SPORT
389,STAFF
390,STAGE
391,STAKE
392,STAND
393,START
394,STATE
395,STEAM
396,STEEL
397,STICK
398,STILL
399,STOCK
400,STONE
401,STOOD
402,STORE
403,STORM
404,STORY
405,STRIP
406,STUCK
407,STUDY
408,STUFF
409,STYLE
410,SUGAR
411,SUITE
412,SUPER
413,SWEET
414,TABLE
415,TAKEN
416,TASTE
417,TAXES
418,TEACH
419,TEETH
420,TERRY
421,TEXAS
422,THANK
423,THEFT
424,THEIR
425,THEME
426,THERE
427,THESE
428,THICK
429,THING
430,THINK
431,THIRD
432,THOSE
433,THREE
434,THREW
435,THROW
436,TIGHT
437,TIMES
438,TIRED
439,TITLE
440,TODAY
441,TOPIC
442,TOTAL
443,TOUCH
444,TOUGH
445,TOWER
446,TRACK
447,TRADE
448,TRAIN
449,TREAT
450,TREND
451,TRIAL
452,TRIED
453,TRIES
454,TRUCK
455,TRULY
456,TRUST
457,TRUTH
458,TWICE
459,UNDER
460,UNDUE
461,UNION
462,UNITY
463,UNTIL
464,UPPER
465,UPSET
466,URBAN
467,USAGE
468,USUAL
469,VALID
470,VALUE
471,VIDEO
472,VIRUS
473,VISIT
474,VITAL
475,VOICE
476,WASTE
477,WATCH
478,WATER
479,WHEEL
480,WHERE
481,WHICH
482,WHILE
483,WHITE
484,WHOLE
485,WHOSE
486,WOMAN
487,WOMEN
488,WORLD
489,WORRY
490,WORSE
491,WORST
492,WORTH
493,WOULD
494,WOUND
495,WRITE
496,WRONG
497,WROTE
498,YIELD
499,YOUNG
500,YOUTH